あがく,-1
あきらめる,-1
あきる,-1
あきれる,-1
あせる,-1
あなどる,-1
あやしむ,-1
あやぶむ,-1
あやまる,-1
あらそ,-1
あわてる,-1
いたたまれない,-1
いたむ,-1
いつわる,-1
いらだたしい,-1
いら立つ,-1
うつうつ,-1
うなだれる,-1
うなる,-1
うらむ,-1
うんざり,-1
おちいる,-1
おぼれる,-1
かさばる,-1
かなう,1
かなしむ,-1
がたつく,-1
がっくり,-1
くさる,-1
くずれる,-1
くたびれる,-1
くやむ,-1
くるしむ,-1
けだるい,-1
こじらせる,-1
こそばゆい,-1
こたえる,-1
こぼす,-1
こまる,-1
こりる,-1
こわさ,-1
さじ,-1
しから,-1
しくじる,-1
しょぼくれる,-1
しょんぼり,-1
しんみり,-1
せんない,-1
たおれる,-1
ためらう,-1
だま,-1
だます,-1
だれる,-1
ちがう,-1
つぶす,-1
つぶれる,-1
つまずく,-1
つらい,-1
とがめる,-1
なやむ,-1
ねじれる,-1
のぼせる,-1
はげる,-1
はずかしい,-1
ばつ,-1
ひきつる,-1
ひっかかる,-1
ひもじい,-1
びびる,-1
ふらつく,-1
ぶつかる,-1
ぶれる,-1
ぼける,-1
まごつく,-1
むかっと,-1
むかつく,-1
むせる,-1
むせ返る,-1
めくら,-1
もたつく,-1
もだえる,-1
もつれる,-1
もてあます,-1
やつれる,-1
やむない,-1
やむをえない,-1
ゆがむ,-1
ゆきづまる,-1
よごす,-1
よごれる,-1
わすれる,-1
ガックリ,-1
ストレス,1
ツライ,-1
ビビる,-1
ポシャる,-1
阿鼻叫喚,-1
意気,-1
引っ掛かる,-1
引っ繰り返る,-1
厭う,-1
怨む,-1
汚さ,-1
汚す,-1
汚れる,-1
臆する,-1
苛,-1
苛苛,-1
苛立つ,-1
我慢,-1
餓える,-1
壊さ,-1
壊れる,-1
怪しむ,-1
悔しい,-1
悔やむ,-1
渇く,-1
堪えがたい,-1
堪える,-1
堪え難い,-1
干からびる,-1
患い,-1
患う,-1
憾む,-1
間違う,-1
陥る,-1
危ぶむ,-1
忌み,-1
忌み嫌う,-1
機嫌,1
気,1
気がかり,-1
気まずい,-1
気持ち,1
飢える,-1
偽る,-1
疑う,-1
詰まる,-1
逆らえ,-1
虚しい,-1
許せ,-1
恐る,-1
恐れる,-1
狂う,-1
狂する,-1
胸,1
胸くそ,-1
胸苦しい,-1
胸糞,-1
興醒める,-1
驚愕,-1
業,-1
苦しい,-1
苦しむ,-1
苦しめ,-1
苦汁,-1
苦慮,-1
欠く,-1
欠ける,-1
血の気,-1
嫌う,-1
嫌がる,-1
肩,-1
肩身,1
見そこなう,-1
見失う,-1
見損なう,-1
見落とす,-1
遣り,-1
戸惑う,-1
枯れる,-1
後ろ,-1
後ろめたい,-1
後口,-1
後味,-1
誤る,-1
慌てる,-1
荒れる,-1
行,-1
行き過ぎる,-1
行き詰まる,-1
行き詰る,-1
行詰る,-1
降参,-1
降伏,-1
降服,-1
腰,1
骨,-1
困る,-1
恨む,-1
根,-1
混む,-1
砕ける,-1
錆びる,-1
散らかる,-1
散る,-1
刺さる,-1
死さ,-1
死ぬ,-1
持て余す,-1
耳,-1
自信,1
辞める,-1
失う,-1
失っ,-1
疾しい,-1
寂しい,-1
弱る,-1
取り逃がす,-1
手,-1
手間取る,-1
腫れる,-1
首,-1
臭う,-1
縮む,-1
出来,1
傷つける,-1
傷む,-1
傷付ける,-1
嘗める,-1
小首,-1
小腹,-1
焦る,-1
障る,-1
乗り遅れる,-1
情ない,-1
色,1
侵す,-1
心外,-1
心細い,-1
申し訳,-1
辛い,-1
辛め,-1
震える,-1
衰える,-1
逝く,-1
切ない,-1
折ら,-1
舌,-1
争う,-1
遭う,-1
憎い,-1
憎たらしい,-1
損,1
損なう,-1
損ねる,-1
太る,-1
堕ちる,-1
妥協,-1
耐え,-1
耐えがたい,-1
怠る,-1
退かさ,-1
嘆く,-1
歎,-1
断た,-1
恥ずかしい,-1
遅れ,-1
遅れる,-1
懲りる,-1
懲り懲り,-1
頂け,-1
墜ちる,-1
痛い,-1
痛む,-1
痛める,-1
潰れる,-1
諦める,-1
溺れる,-1
転ぶ,-1
吐き出す,-1
妬む,-1
途方,-1
怒る,-1
倒れる,-1
凍える,-1
悼む,-1
盗ま,-1
盗む,-1
当たら,-1
当て,-1
頭,1
曇る,-1
悩む,-1
馬鹿,-1
廃れる,-1
敗ける,-1
敗れる,-1
背く,-1
曝す,-1
抜か,-1
叛,-1
犯す,-1
悲しむ,-1
疲れ,1
疲れる,-1
被る,-1
謬,-1
貧する,-1
不満,-1
怖,-1
怖じ,-1
怖気付く,-1
腐る,-1
負う,-1
負ける,-1
侮る,-1
腹立たしい,-1
腹立つ,-1
文句,-1
聞こえる,-1
閉まる,-1
別れる,-1
偏る,-1
呆れる,-1
崩さ,-1
崩す,-1
崩れる,-1
飽きる,-1
亡くす,-1
亡くする,-1
亡びる,-1
妨げる,-1
忘れる,-1
冒す,-1
膨れる,-1
謀る,-1
無くす,-1
迷う,-1
滅びる,-1
面目,-1
面目次第,-1
蒙る,-1
落ち込む,-1
落とさ,-1
落とし,-1
乱れる,-1
裂ける,-1
路頭,-1
漏らす,-1
漏れる,-1
老いる,-1
歪む,-1
詫びる,-1
咎める,-1
咬ま,-1
毀す,-1
毀れる,-1
憑,-1
罹る,-1
挾ま,-1
涸れる,-1
疵付ける,-1
縺れる,-1
茫然,-1
茫漠,-1
躊躇う,-1
躓く,-1
轢く,-1
騙す,-1
,1
あく,-1
あくどい,-1
あざとい,-1
あばずれ,-1
あほらしい,-1
あやしい,-1
あやふや,-1
あらい,-1
あらっぽい,-1
あり,-1
ありふれる,-1
ある,-1
あわせ,1
あんぽんたん,-1
いかがわしい,-1
いかつい,-1
いぎたない,-1
いけ好かない,-1
いけ図々しい,-1
いこじ,-1
いじいじ,-1
いじける,-1
いじましい,-1
いぶかしい,-1
いまいち,-1
いまいましい,-1
いまひとつ,-1
いまわしい,-1
いま一つ,-1
いやがる,-1
いやしい,-1
いやらしい,-1
いろあせる,-1
いわく,-1
いんちき,-1
うじうじ,-1
うす汚い,-1
うとい,-1
うらめしい,-1
うら寂しい,-1
うら悲しい,-1
えげつない,-1
おこがましい,-1
おしい,-1
おせっかい,-1
おそい,-1
おそまつ,-1
おぞましい,-1
おためごかし,-1
おたんこなす,-1
おっかない,-1
おっくう,-1
おっさん,-1
おっちょこちょい,-1
おばさん,-1
おびやかす,-1
おもはゆい,-1
おんぼろ,-1
お節介,-1
お粗末,-1
かっこ,-1
かったるい,-1
かみ合う,-1
かん高い,-1
がさつ,-1
がっかり,-1
がつがつ,-1
がめつい,-1
ききにくい,-1
きちきち,-1
きつい,-1
きびしい,-1
きゅうきゅう,-1
ぎくしゃく,-1
ぎこちない,-1
ぎごち,-1
ぎすぎす,-1
ぎちぎち,-1
ぎゅうぎゅう,-1
ぎょうぎょうしい,-1
ぎょっと,-1
くしゃくしゃ,-1
くそ,-1
くだらない,-1
くどい,-1
ぐしゃぐしゃ,-1
ぐしょぐしょ,-1
ぐじゃぐじゃ,-1
ぐずぐず,-1
ぐずる,-1
ぐにゃぐにゃ,-1
ぐらぐら,-1
ぐらつく,-1
けがらわしい,-1
けしからん,-1
けちけち,-1
けちん坊,-1
けばけば,-1
けばけばしい,-1
けわしい,-1
けんのん,-1
げっそり,-1
こしゃく,-1
こすい,-1
こせこせ,-1
こっぴどい,-1
こっ酷い,-1
こてんこてん,-1
ごしゃごしゃ,-1
ごちゃごちゃ,-1
ごっちゃ,-1
ごてごて,-1
ごみごみ,-1
ご法度,-1
さもしい,-1
しかた,-1
しかつめらしい,-1
しつこい,-1
しどろ,-1
しどろもどろ,-1
しみったれる,-1
しょうが,-1
しょぼい,-1
しょぼしょぼ,-1
しらじらしい,-1
しわくちゃ,-1
しわしわ,-1
しんどい,-1
しんねり,-1
じじむさい,-1
じゃじゃ馬,-1
じゃま,-1
じれったい,-1
すかたん,-1
すげない,-1
すじ,-1
すたれる,-1
ずうずうしい,-1
ずるい,-1
ずれる,-1
ずんべらぼう,-1
せこい,-1
せせこましい,-1
せっかち,-1
せわしい,-1
せわしない,-1
そぐわない,-1
そそっかしい,-1
そっけ,-1
そらぞらしい,-1
ぞっと,-1
ぞんざい,-1
たけだけしい,-1
たじたじ,-1
たどたどしい,-1
たより,-1
だぶつく,-1
だらし,-1
だるい,-1
ちぐはぐ,-1
ちっぽけ,-1
ちび,-1
ちまちま,-1
ちゃち,-1
ちゃらっぽこ,-1
ちんちくりん,-1
ちんまり,-1
つかむ,-1
つたない,-1
つまらない,-1
つまる,-1
つれない,-1
つんつるてん,-1
できる,-1
でくの坊,-1
でしゃばる,-1
とげ,-1
とげとげしい,-1
とっつく,-1
とぼける,-1
とりとめる,-1
とろい,-1
とんがる,-1
とんちんかん,-1
とんでも,-1
とんま,-1
ど,-1
どぎつい,-1
どけ,-1
どじ,-1
どす黒い,-1
どっち,-1
どん,-1
なおざり,-1
なごりおしい,-1
なじむ,1
なまぬるい,-1
なよなよ,-1
なれなれしい,-1
にちゃにちゃ,-1
にぶい,-1
にべ,-1
ねたましい,-1
ねちねち,-1
のらりくらり,-1
のろい,-1
のろくさい,-1
のろのろ,-1
のろま,-1
はかばかしい,-1
はしたない,-1
はずれ,-1
はで,-1
ばか,-1
ばかくさい,-1
ばっちい,-1
ばらつき,-1
ひやひや,-1
ひょろひょろ,-1
ひ弱い,-1
びしょびしょ,-1
ふがいない,-1
ふつつか,-1
ふてぶてしい,-1
ふにゃふにゃ,-1
ふらふら,-1
ふんぞり返る,-1
ぶよぶよ,-1
へいこら,-1
へそ曲がり,-1
へたくそ,-1
へとへと,-1
へなへな,-1
べとつく,-1
べとべと,-1
ぺしゃんこ,-1
ぺてん師,-1
ほど遠い,-1
ぼさっと,-1
ぼやける,-1
ぼやぼや,-1
ぼろい,-1
ぼろぼろ,-1
ぼんくら,-1
ぼんやり,-1
まがい物,-1
まがまがしい,-1
まごまご,-1
まだるっこい,-1
ままならない,-1
みすぼらしい,-1
みっともない,-1
みにくい,-1
みみっちい,-1
むかむか,-1
むごい,-1
むごたらしい,-1
むさい,-1
むさくるしい,-1
むっと,-1
むなぐるしい,-1
むなしい,-1
めそめそ,-1
めちゃくちゃ,-1
めちゃめちゃ,-1
めんどう,-1
めんどうくさい,-1
めんどくさい,-1
もう,-1
もたつき,-1
もっさり,-1
もったいない,-1
もってのほか,-1
もどかしい,-1
ものうい,-1
ものすさまじい,-1
ものたりない,-1
もの狂おしい,-1
もの凄まじい,-1
もの悲しい,-1
やかましい,-1
やきもき,-1
やっかい,-1
やにっこい,-1
やばい,-1
やぶさか,-1
やぼ,-1
やぼったい,-1
やましい,-1
ややこしい,-1
やりきれない,-1
やり切れない,-1
やるせない,-1
やわ,-1
やわい,-1
ゆゆしい,-1
ゆるい,-1
よけい,-1
よそよそしい,-1
よれよれ,-1
よれる,-1
よわい,-1
よんどころない,-1
らち,-1
ろくでなし,-1
わいせつ,-1
わかる,-1
わざとらしい,-1
わずらわしい,-1
わびしい,-1
わや,-1
わやく,-1
アウト,-1
アホ,-1
アン,-1
イカ,-1
イマイチ,-1
イレギュラ,-1
イレギュラー,-1
インチキ,-1
インパクト,-1
エキセントリック,-1
エゴイスト,-1
エッチ,-1
オーソドックス,-1
オマケ,-1
オモチャ,-1
オヤジ,-1
オリジナリティ,-1
カッコ,1
ガキ,-1
ガタ落ち,-1
ガチガチ,-1
キズ,-1
キツイ,-1
キリ,-1
ギクシャク,-1
ギュウギュウ,-1
クセ,-1
グルーミー,-1
グロ,-1
グロッキー,-1
グロテスク,-1
コワい,-1
ショッキング,-1
ショック,-1
ショボ,-1
シリアス,-1
ジャジャ馬,-1
ズレる,-1
センス,-1
ダーティ,-1
ダーティー,-1
ダサい,-1
チグハグ,-1
チャチ,-1
チャラチャラ,-1
ディプレッション,-1
デカ,-1
デプレッション,-1
ノイジー,-1
ノンセンス,-1
バタくさい,-1
バタ臭い,-1
バラツキ,-1
パワー,-1
ヒステリック,-1
ヒヤヒヤ,-1
ヘン,-1
ミーハー,-1
ミス,-1
メチャメチャ,-1
メランコリック,-1
メリハリ,1
ヤワ,-1
ヨレヨレ,-1
ワーストワン,-1
ワンマン,-1
唖然,-1
阿呆,-1
哀しい,-1
哀しむ,-1
哀れ,-1
愛想,1
悪,-1
悪い,-1
悪賢い,-1
悪達者,-1
悪辣,-1
扱い,1
安っぽい,-1
安普請,-1
安物,-1
暗い,-1
暗む,-1
暗愚,-1
暗鬱,-1
暗澹,-1
意気地無し,-1
意固地,-1
意志,-1
意地,-1
意地っぱり,-1
意地っ張り,-1
意地汚い,-1
意地張り,-1
違和感,1
一巻,-1
一苦労,-1
一文惜しみ,-1
引っ込み,-1
引っ込み思案,-1
淫蕩,-1
淫猥,-1
淫靡,-1
陰うつ,-1
陰気臭い,-1
陰険,-1
陰惨,-1
陰湿,-1
陰鬱,-1
烏滸がましい,-1
迂遠,-1
迂愚,-1
迂闊,-1
雲泥の差,-1
影,-1
厭,-1
厭わしい,-1
怨めしい,-1
縁,-1
汚い,-1
汚らしい,-1
汚らわしい,-1
汚れ,1
汚穢,-1
奥行き,-1
押し,1
押し付けがましい,-1
横柄,-1
横様,-1
臆病者,-1
下らない,-1
下賎,-1
下等,-1
下劣,-1
可哀相,-1
禍々しい,-1
禍禍しい,-1
苛酷,-1
苛烈,-1
過ち,-1
過酷,-1
我が物顔,-1
画一,-1
怪しい,-1
怪しげ,-1
怪異,-1
怪奇,-1
格好,1
角,-1
角張り,-1
隔靴掻痒,-1
隔心,-1
楽しみ,-1
割に,1
恰好,1
寒々,-1
寒ざむ,-1
寒寒,-1
勘弁,-1
感情,-1
甘,-1
甘ったれる,-1
緩い,-1
間,-1
間延び,-1
閑散,-1
頑愚,-1
頑冥,-1
頑迷,-1
顔負け,-1
危うい,-1
危ない,-1
危なっかしい,-1
奇々怪々,-1
奇っ怪,-1
奇奇怪怪,-1
奇態,-1
希薄,-1
忌まわしい,-1
忌わしい,-1
機械,-1
気ぜわしい,-1
気むずかしい,-1
気弱,-1
気取っ,-1
気色,-1
気早,-1
気短,-1
気難しい,-1
気付き,-1
気分,1
気忙しい,-1
気味が悪い,-1
稀薄,-1
儀式張っ,-1
戯け,-1
疑い深い,-1
疑わしい,-1
疑問,-1
詰屈,-1
逆賊,-1
泣き所,-1
泣き虫,-1
居丈高,-1
虚仮,-1
許し,-1
凶漢,-1
凶暴,-1
凶猛,-1
強情,-1
強情っぱり,-1
強欲,-1
怯懦,-1
恐るべき,-1
恐れ,-1
恐れ多い,-1
狂わしい,-1
狂人,-1
狂暴,-1
狂乱,-1
狭苦しい,-1
狭量,-1
狭隘,-1
脅かす,-1
興味,1
驚き,-1
仰々しい,-1
仰仰しい,-1
極貧,-1
僅少,-1
近目,-1
銀流し,-1
苦,1
苦々しい,-1
苦し紛れ,-1
苦肉の策,-1
愚か,-1
愚かしい,-1
愚人,-1
愚図,-1
愚直,-1
愚鈍,-1
愚物,-1
愚昧,-1
愚劣,-1
空々しい,-1
空しい,-1
空回り,-1
空恐ろしい,-1
空空しい,-1
空疎,-1
空中,-1
屈伏,-1
屈服,-1
型,-1
形無し,-1
軽々しい,-1
軽はずみ,-1
軽視,-1
軽蔑,-1
軽躁,-1
激越,-1
隙,1
欠陥,-1
喧しい,-1
喧嘩腰,-1
堅苦しい,-1
堅物,-1
嫌,-1
嫌み,1
嫌味,1
見えっ張り,-1
見ぐるしい,-1
見づらい,-1
見にくい,-1
見下す,-1
見苦しい,-1
険しい,-1
険悪,-1
険難,-1
厳つい,-1
厳酷,-1
幻怪,-1
言語道断,-1
個性,1
古めかしい,-1
古臭い,-1
固陋,-1
姑息,-1
胡散臭い,-1
誇大,-1
後の祭り,-1
御,-1
御機嫌,-1
御大層,-1
効き,-1
厚かましい,-1
厚ぼったい,-1
厚顔,-1
口,-1
口惜しい,-1
口先,-1
向う見ず,-1
好い加減,-1
好きもの,-1
好き嫌い,-1
巧言令色,-1
慌しい,-1
慌ただしい,-1
甲斐性,-1
荒々しい,-1
荒くれ,-1
荒っぽい,-1
荒らか,-1
荒荒しい,-1
荒削り,-1
荒誕,-1
荒唐,-1
高慢,-1
高慢ちき,-1
剛愎,-1
合わせ,1
酷,-1
酷い,-1
酷しい,-1
酷薄,-1
酷烈,-1
腰砕け,-1
腰弱,-1
腰抜け,-1
今ひとつ,-1
今一つ,-1
恨めしい,-1
根性,-1
根無し,-1
差,1
差し支える,-1
差し出がましい,-1
差支える,-1
差別,-1
細細,-1
在り来り,-1
罪ぶかい,-1
罪作り,-1
罪深い,-1
策士,-1
擦れっ枯らし,-1
殺人,-1
殺伐,-1
殺伐と,-1
雑,-1
雑然,-1
惨い,-1
惨たらしい,-1
惨烈,-1
惨憺,-1
散々,-1
散散,-1
酸鼻,-1
残り惜しい,-1
残り多い,-1
残刻,-1
残忍,-1
仕方,-1
使い,1
刺々しい,-1
刺刺しい,-1
子供,-1
子供だまし,-1
子供騙し,-1
思いきり,-1
思い切り,1
思わしくない,-1
支障,-1
脂,-1
脂っこい,-1
歯痒い,-1
耳年増,-1
自縄自縛,-1
七転八倒,-1
七面倒臭い,-1
執念深い,-1
質感,1
邪険,-1
邪魔,-1
邪魔くさい,-1
邪慳,-1
寂しげ,-1
寂れる,-1
寂寞,-1
弱々しい,-1
弱り目,-1
弱虫,-1
守銭奴,-1
手ぬるい,-1
手ひどい,-1
手緩い,-1
手狭,-1
手厳しい,-1
手荒,-1
手荒い,-1
手酷い,-1
手重い,-1
手痛い,-1
手薄,-1
受け入れ,-1
受け付け,1
呪わしい,-1
臭い,-1
醜い,-1
重々しい,-1
重苦しい,-1
重重しい,-1
術無い,-1
峻険,-1
峻厳,-1
峻嶮,-1
暑がり,-1
暑苦しい,-1
女たらし,-1
女女しい,-1
小,1
小汚い,-1
小気味,1
小賢しい,-1
小心翼翼,-1
小憎らしい,-1
小便,-1
小面憎い,-1
小利口,-1
小癪,-1
焦れったい,-1
省き,-1
笑止千万,-1
上っ面,-1
上滑り,-1
上辷り,-1
冗談,-1
冗長,-1
冗漫,-1
情け,-1
情けない,-1
情強,-1
色あせる,-1
色気,1
尻,-1
尻ごみ,-1
尻軽,-1
尻込み,-1
伸び,1
信じ,-1
寝覚め,-1
寝苦しい,-1
心,1
心許ない,-1
心許無い,-1
心苦しい,-1
心無い,-1
心憂い,-1
新鮮味,-1
深み,-1
身の程知らず,-1
辛気,-1
辛気臭い,-1
人,1
人気,1
人泣かせ,-1
人聞き,-1
人目,1
人恋しい,-1
図々しい,-1
水の泡,-1
水臭い,-1
嵩張る,-1
寸づまり,-1
寸足らず,-1
世間,-1
世知辛い,-1
凄惨,-1
凄絶,-1
性悪,-1
生ぬるい,-1
生硬,-1
生煮え,-1
青臭い,-1
青二才,-1
脆い,-1
惜しい,-1
惜しくも,-1
拙い,-1
拙劣,-1
節度,-1
絶体絶命,-1
絶望,-1
舌先三寸,-1
戦闘,-1
浅はか,-1
浅ましい,-1
浅薄,-1
浅慮,-1
詮無い,-1
賎しい,-1
疎い,-1
疎か,-1
疎ましい,-1
疎略,-1
粗削り,-1
粗雑,-1
粗大,-1
粗暴,-1
粗末,-1
粗野,-1
粗笨,-1
素,-1
素っ気,-1
素っ頓狂,-1
素頓狂,-1
鼠輩,-1
早計,-1
騒々しい,-1
騒がしい,-1
騒然たる,-1
騒騒しい,-1
増悪,-1
憎々しい,-1
憎体,-1
息苦しい,-1
俗っぽい,-1
俗悪,-1
俗物,-1
俗離れ,-1
卒爾,-1
遜色,-1
多情,-1
惰弱,-1
駄目,-1
耐え難い,-1
態とらしい,-1
態度,-1
大,1
大仰,-1
大愚,-1
大形,-1
大嫌い,-1
濁る,-1
嘆かわしい,-1
短慮,-1
男尊女卑,-1
値,-1
恥知らず,-1
恥曝し,-1
痴れ者,-1
稚気,-1
致し方,-1
致命,-1
遅々たる,-1
遅い,-1
遅緩,-1
遅鈍,-1
茶番,-1
虫,-1
虫酸,-1
張りつめる,-1
張り出し,-1
挑発,-1
調子はずれ,-1
長たらしい,-1
沈痛,-1
沈鬱,-1
陳腐,-1
痛々しい,-1
痛ましい,-1
低級,-1
低質,-1
低俗,-1
低能,-1
低劣,-1
底,-1
底意地,-1
程遠い,-1
締まり,-1
締まり屋,-1
締り,-1
諦め,1
泥くさい,-1
泥臭い,-1
鉄面皮,-1
天保銭,-1
田舎,-1
徒,-1
徒爾,-1
杜撰,-1
都合,-1
度,-1
度し難い,-1
土,-1
土臭い,-1
怒り,-1
盗人,-1
逃げ腰,-1
毒々しい,-1
独断,-1
突拍子,-1
突慳貪,-1
鈍,-1
鈍根,-1
鈍重,-1
鈍物,-1
内弁慶,-1
馴れ馴れしい,-1
難,1
難物,-1
日陰者,-1
乳臭,-1
乳臭い,-1
入り,1
如何わしい,-1
熱鬧,-1
年寄り,-1
粘っこい,-1
悩ましい,-1
能,-1
能無し,-1
波,-1
派手,-1
破壊,-1
破戒無慙,-1
破滅,-1
破廉恥,-1
馬耳東風,-1
馬鹿らしい,-1
馬鹿臭い,-1
馬鹿馬鹿しい,-1
買い得,1
売国奴,-1
白々しい,-1
白眼,-1
薄ぎたない,-1
薄ぐらい,-1
薄っぺら,-1
薄暗い,-1
薄汚い,-1
薄気味悪い,-1
薄馬鹿,-1
迫力,1
漠漠,-1
莫迦,-1
八方美人,-1
髪の毛,-1
罰金,-1
抜差し,-1
半可通,-1
半間,-1
半人前,-1
反対,-1
繁雑,-1
煩わしい,-1
卑しい,-1
卑しんぼう,-1
卑しん坊,-1
卑わい,-1
卑賎,-1
卑俗,-1
卑劣,-1
卑猥,-1
卑陋,-1
否定,-1
悲しい,-1
悲酸,-1
悲壮,-1
悲愴,-1
皮相,-1
非,-1
非の打ち所,1
尾篭,-1
鼻,1
鼻っぱし,-1
鼻っ柱,-1
鼻持ち,-1
鼻息,-1
表六玉,-1
品,1
貧しい,-1
貧寒,-1
貧賎,-1
貧相,-1
貧乏,-1
貧乏人,-1
不,-1
不ぞろい,-1
不まじめ,-1
不穏,-1
不穏当,-1
不可解,-1
不可思議,-1
不格好,-1
不恰好,-1
不謹慎,-1
不見識,-1
不甲斐ない,-1
不行き届き,-1
不行届,-1
不行届き,-1
不作法,-1
不充分,-1
不承知,-1
不粋,-1
不正直,-1
不精,-1
不誠実,-1
不鮮明,-1
不相応,-1
不束,-1
不体裁,-1
不退転,-1
不釣合,-1
不定,-1
不適,-1
不適切,-1
不適当,-1
不徹底,-1
不透明,-1
不同,-1
不得要領,-1
不評,-1
不敏,-1
不本意,-1
不味い,-1
不明瞭,-1
不明朗,-1
不面目,-1
不慮,-1
不躾,-1
付け,-1
付け焼き刃,-1
敷居,-1
浮き腰,-1
浮き足立つ,-1
浮薄,-1
風向き,-1
風来坊,-1
腹,1
腹だつ,-1
腹黒い,-1
複雑,-1
物々しい,-1
物わかり,1
物恐ろしい,-1
物見高い,-1
物寂しい,-1
物臭,-1
物凄まじい,-1
物足りない,-1
物体,-1
物悲しい,-1
物物しい,-1
物憂い,-1
分,1
分から,-1
分かり,-1
分別臭い,-1
紛い物,-1
紛然,-1
紛紛,-1
文無し,-1
聞きづらい,-1
聞きにくい,-1
聞き苦しい,-1
聞き辛い,-1
聞き分け,-1
聞く,-1
聞苦しい,-1
兵六玉,-1
米食い虫,-1
癖,1
蔑む,-1
蔑ろ,-1
偏狭,-1
偏屈,-1
偏窟,-1
変則,-1
片意地,-1
片寄る,-1
片腹痛い,-1
辺ぴ,-1
辺鄙,-1
放佚,-1
法外,-1
飽き,1
飽く,-1
乏しい,-1
忙しい,-1
暴悪,-1
暴慢,-1
暴戻,-1
暴力,-1
謀叛,-1
朴念仁,-1
凡愚,-1
凡骨,-1
埋もれる,-1
末恐ろしい,-1
慢性,-1
漫ろ,-1
味,1
味気,-1
味噌っ滓,-1
未練がましい,-1
魅力,1
妙ちきりん,-1
無,-1
無愛敬,-1
無愛嬌,-1
無闇矢鱈,-1
無意義,-1
無為,-1
無縁,-1
無音,-1
無機,-1
無気味,-1
無骨,-1
無作法,-1
無粋,-1
無恥,-1
無鉄砲,-1
無頓着,-1
無礼,-1
冥々,-1
名ばかり,-1
名残惜しい,-1
命知らず,-1
滅相,-1
滅多矢鱈,-1
滅茶,-1
滅茶苦茶,-1
滅茶滅茶,-1
面はゆい,-1
面映ゆい,-1
面憎い,-1
面倒い,-1
面倒臭い,-1
面白み,-1
模糊,-1
妄り,-1
毛羽立つ,-1
盲信,-1
木偶,-1
木偶の坊,-1
目,1
目茶,-1
勿体ない,-1
問題児,-1
悶悶,-1
爺むさい,-1
野卑,-1
野暮,-1
野暮ったい,-1
野暮天,-1
野鄙,-1
油っこい,-1
油断大敵,-1
憂い,-1
憂うつ,-1
有り勝ち,-1
有り得る,-1
有頂天,-1
有難迷惑,-1
由々しい,-1
由無い,-1
由由しい,-1
遊び,-1
余儀ない,-1
余計,-1
余裕,1
与太,-1
妖しい,-1
揺らぐ,-1
要注意,-1
欲,1
欲深,-1
欲張り,-1
頼み少ない,-1
頼め,-1
頼り,-1
落ちぶれる,-1
落ち着か,-1
落ち着き,-1
乱脈,-1
裏目,-1
率爾,-1
立遅れる,-1
竜頭蛇尾,-1
涼しい,1
良い,1
力無げ,-1
淋しい,-1
累卵,-1
冷やか,-1
冷ややか,-1
冷や冷や,-1
冷酷,-1
冷然,-1
冷淡,-1
劣,-1
劣る,-1
憐れ,-1
蓮っ葉,-1
労しい,-1
老醜,-1
論外,-1
佶屈,-1
侘しい,-1
傲岸,-1
凛冽,-1
吝ん坊,-1
奢る,-1
奸悪,-1
奸賊,-1
寥寥,-1
尠少,-1
嶮難,-1
怱忙,-1
恬然,-1
悄然,-1
慄然,-1
憮然,-1
懦弱,-1
懶い,-1
朧,-1
鬱陶しい,-1
渾沌,-1
熾烈,-1
狡い,-1
狡辛い,-1
狡猾,-1
狡獪,-1
狷介,-1
猥雑,-1
猥褻,-1
獰猛,-1
瑣細,-1
瑣末,-1
疚しい,-1
癇,-1
穢い,-1
穢らしい,-1
穢らわしい,-1
羞悪,-1
羸弱,-1
翳り,-1
耄碌,-1
聊爾,-1
腑,-1
腑抜け,-1
茫洋,-1
褊狭,-1
訝しい,-1
諤々,-1
諤諤,-1
贅沢,-1
躁急,-1
遽しい,-1
鄙劣,-1
鄙猥,-1
鄙陋,-1
陋劣,-1
驕傲,-1
驕奢,-1
あこがれる,1
あじわう,1
こだわり,1
したう,1
すがすがしい,1
すすめる,1
そろう,1
できあがる,1
なおる,1
ぬぐえる,1
はかどる,1
はがせる,1
はずせる,1
はたせる,1
ほっと,1
ほめる,1
ほれる,1
ほれ込む,1
まぬがれる,1
みたす,1
もてなし,1
やせる,1
よろこぶ,1
愛さ,1
扱える,1
慰め,1
移せる,1
育つ,1
育て,1
飲み干せる,1
飲み込める,1
温まる,1
改める,1
開け,1
外せる,1
楽しい,1
楽しむ,1
活かす,1
叶う,1
寛ぐ,1
感無量,1
慣れる,1
貫ける,1
間に合う,1
頑張る,1
頑張れる,1
喜ぶ,1
気にいる,1
気に入る,1
気持,1
気持ちいい,1
気持ち良い,1
貴ぶ,1
救う,1
教え,1
極める,1
薫る,1
契約,1
敬う,1
研ける,1
研げる,1
好く,1
好む,1
耕せる,1
惚れこむ,1
惚れる,1
惚れ惚れ,1
惚れ込む,1
産ま,1
産める,1
支払える,1
似合う,1
治る,1
実る,1
惹か,1
取り除ける,1
授かる,1
授け,1
収まる,1
修める,1
祝っ,1
出来る,1
出来上がる,1
潤う,1
助かる,1
勝つ,1
勝てる,1
譲っ,1
伸びる,1
信じる,1
心酔,1
親しむ,1
吹ける,1
遂げる,1
澄む,1
整う,1
晴れる,1
盛り上げる,1
掻き立てる,1
送っ,1
贈る,1
足りる,1
足る,1
揃う,1
待ち遠しい,1
待遠しい,1
鍛え,1
断ち切る,1
断切る,1
暖める,1
蓄える,1
貯える,1
貯める,1
調う,1
調べる,1
跳べる,1
捗る,1
直し,1
直る,1
適う,1
動か,1
動ける,1
導ける,1
憧れる,1
匂う,1
入れ,1
買い戻せる,1
薄らぐ,1
付き合う,1
富む,1
撫で,1
編める,1
保つ,1
縫える,1
望める,1
満腹,1
味わう,1
免れる,1
儲,1
儲かる,1
優る,1
落ち着く,1
落ち着ける,1
履ける,1
理解,1
離せる,1
労っ,1
賄える,1
恍惚,1
憬れる,1
挾め,1
揉ん,1
ＧＯＯＤ,1
Ｇｏｏｄ,1
ＶＩＰ,1
ｇｏｏｄ,1
あう,1
あか抜ける,1
あでやか,1
いい,1
いかす,1
いじらしい,1
いたいけ,1
いとおしい,1
うきうき,1
うっとり,1
うなづける,1
うまい,1
えり抜き,1
おいしい,1
おおらか,1
おしゃま,1
おすすめ,1
おとなしやか,1
おなじみ,1
お気にいり,1
お気に入り,1
お買い得,1
かいがいしい,1
かしこい,1
かっちり,1
かっ達,1
かわいらしい,1
きっちり,1
きびきび,1
きめ細か,1
きめ細かい,1
きらめく,1
きりりと,1
くつろげる,1
けざやか,1
こころよい,1
こなす,1
こなせる,1
こなれる,1
さかしい,1
さすが,1
さとい,1
さりげ,1
ざっくばらん,1
しおらしい,1
したしい,1
しっくり,1
しっとり,1
しのぐ,1
しめやか,1
しゃれる,1
しんなり,1
すご腕,1
すすどい,1
すばやい,1
すばらしい,1
すべすべ,1
すらり,1
ずばぬける,1
ずば抜ける,1
そこはかとない,1
そそる,1
ぞっこん,1
たくましい,1
たぐい,1
たやすい,1
ちゃんと,1
ちょうど,1
つかみ,1
つぶら,1
つましい,1
つまびらか,1
つやつや,1
つややか,1
どんぴしゃり,1
なじめる,1
なつかしい,1
なまめかしい,1
にぎにぎしい,1
のびのび,1
のびやか,1
はえる,1
はしこい,1
ばら色,1
ひきしまる,1
ぴか一,1
ぴちぴち,1
ぴったり,1
ふさわしい,1
ふたつ,1
ふっくら,1
ふんだん,1
ふんわり,1
ぷりぷり,1
べた,1
べらぼう,1
べら棒,1
ほっそり,1
ほのぼの,1
ほほえましい,1
ほれぼれ,1
まずまず,1
まとまる,1
まばゆい,1
まめやか,1
みずみずしい,1
みめよい,1
むつ,1
めきめき,1
めざましい,1
めずらしい,1
めでたい,1
もっけの幸い,1
もの珍しい,1
やさしい,1
やすやす,1
やり手,1
やわらかい,1
やんごとない,1
やんわり,1
ゆかしい,1
ゆったり,1
ゆとり,1
よく,1
よろしい,1
らい落,1
りりしい,1
わかり,1
わくわく,1
アジ,1
イイ,1
インテリジェント,1
ウケる,1
エクセレント,1
エポックメーキング,1
オススメ,1
カリスマ,1
キビキビ,1
クリア,1
グッド,1
グッドルッキング,1
ゴージャス,1
シ,1
シャレる,1
シル,1
ジェントル,1
スゲーッ,1
スゴクイイ,1
スペッシャル,1
スポーティ,1
セーフティ,1
セーフティー,1
ソフィスティケート,1
ゾッコン,1
ダンディー,1
チャーミング,1
デリシャス,1
トップ,1
トルクフル,1
ドレッシー,1
ハイ,1
ハイカラ,1
ハイクラス,1
バツグン,1
ビビッド,1
ビューティフル,1
ピカ,1
ピッタリ,1
ピュア,1
ファンタスチック,1
ファンタスティック,1
ベストチョイス,1
ベター,1
マル,1
メキメキ,1
メジャー,1
メリット,1
ラ,1
レア,1
愛くるしい,1
愛しい,1
愛らしい,1
悪気,1
安閑,1
安上り,1
安定,1
偉い,1
威風,1
意欲,1
易々,1
易易,1
一級,1
一石二鳥,1
一徹,1
印象,1
印象深い,1
引き伸ばせる,1
引っ張りだこ,1
映えばえしい,1
映える,1
悦ばしい,1
円やか,1
艶,1
奥ゆかしい,1
奥床しい,1
奥深い,1
何気ない,1
何気無い,1
価する,1
価値,1
可愛い,1
可愛らしい,1
可笑しい,1
家庭,1
家庭的,1
華,1
華々しい,1
華やかさ,1
華華しい,1
画期的,1
会える,1
解放,1
快哉,1
懐,1
開放,1
外柔内剛,1
該博,1
格好いい,1
格上げ,1
格段,1
格別,1
革新,1
学べる,1
楽々,1
楽しめる,1
楽ちん,1
顎,1
割,1
割り,1
活きる,1
活き活き,1
活気,1
滑脱,1
噛み,1
乾か,1
勧める,1
堪能,1
完全,1
寛げる,1
寛大,1
寛闊,1
干せる,1
感じ,1
感動,1
敢然,1
歓ぶ,1
汗,1
甘露,1
閑雅,1
閑閑,1
閑人,1
顔,1
願わしい,1
危なげない,1
喜ばしい,1
奇跡,1
奇想天外,1
奇天烈,1
嬉々,1
嬉しい,1
毅然,1
毅然たる,1
毅然と,1
気づよい,1
気安い,1
気強い,1
気高い,1
気丈夫,1
気品,1
稀少,1
貴い,1
軌道,1
輝かしい,1
宜しい,1
義人,1
義理堅い,1
吸い込める,1
吸える,1
究極,1
許せる,1
強靭,1
恭しい,1
興味深い,1
興味津々,1
驚異,1
筋金入り,1
近代,1
金,1
金城鉄壁,1
金鉄,1
具合,1
軍配,1
恵まれる,1
慧眼,1
敬服,1
敬慕,1
敬虔,1
景気,1
経済,1
警抜,1
軽捷,1
芸,1
欠点,1
潔い,1
兼ね備える,1
堅忍不抜,1
見やすい,1
見よい,1
見易い,1
見込む,1
見目,1
見目好い,1
謙抑,1
賢い,1
減ら,1
言う,1
孤高,1
誇らか,1
誇らしい,1
誇れる,1
雇える,1
効き目,1
効果,1
口上手,1
向上,1
垢,1
垢抜ける,1
好い,1
好ましい,1
好もしい,1
好意,1
好漢,1
好条件,1
好適,1
宏遠,1
宏量,1
巧緻,1
広々,1
広やか,1
広壮,1
広大,1
広漠,1
広量,1
広闊,1
昂揚,1
硬骨,1
肯定,1
行ける,1
香る,1
高まる,1
高める,1
高雅,1
高貴,1
高級,1
高潔,1
高尚,1
高水準,1
高大,1
高名,1
高邁,1
剛毅,1
剛健,1
剛胆,1
剛勇,1
合う,1
合格,1
合目的的,1
合理,1
豪い,1
豪華,1
豪気,1
豪儀,1
豪勢,1
豪壮,1
豪胆,1
豪宕,1
豪放,1
轟かせる,1
骨太,1
懇ろ,1
懇篤,1
座り,1
最上,1
最上級,1
塞げる,1
犀利,1
細心,1
細密,1
細緻,1
際だつ,1
際立つ,1
冴える,1
三拍子,1
燦燦,1
燦然,1
燦爛,1
賛成,1
賛同,1
斬新,1
仕合せ,1
刺激,1
思わしい,1
旨い,1
至高,1
至便,1
試し,1
試せる,1
事足りる,1
似あわしい,1
似つかわしい,1
似合い,1
似合しい,1
慈しむ,1
慈愛,1
慈悲,1
持ち運べる,1
持ち歩ける,1
治せる,1
自若,1
自分,1
質実,1
実直,1
実用,1
酌み交わせ,1
若々しい,1
若い,1
若若しい,1
取り扱い,1
取り回し,1
取り消せる,1
取消せ,1
手がたい,1
手がるい,1
手ごたえ,1
手ごろ,1
手っとり早い,1
手っ取り早い,1
手ばやい,1
手びろい,1
手軽い,1
手堅い,1
手厚い,1
手広い,1
手早い,1
手速い,1
手抜かり,1
趣,1
秀でる,1
秀悦,1
秀麗,1
住める,1
充溢,1
充分,1
十分,1
柔かい,1
柔らか,1
柔らかい,1
俊敏,1
純良,1
順応,1
庶民,1
女らしい,1
勝る,1
勝れる,1
奨め,1
奨める,1
小ぎれい,1
小意気,1
小器用,1
小気味よい,1
小才,1
小躍り,1
床しい,1
消せる,1
省ける,1
賞賛,1
賞嘆,1
上々,1
上位,1
上級,1
上向く,1
上根,1
上手い,1
上出来,1
上上吉,1
上等,1
情,1
情け深い,1
情深い,1
拭ける,1
殖やせる,1
色っぽい,1
伸ばせる,1
伸び伸び,1
心づよい,1
心安い,1
心温まる,1
心掛ける,1
心強い,1
心丈夫,1
心憎い,1
心地,1
心地よい,1
心地好い,1
心置き,1
慎ましい,1
慎む,1
新規,1
深遠,1
深奥,1
深切,1
申し込める,1
申込め,1
真っ正直,1
真新しい,1
神々しい,1
神神しい,1
紳士,1
親しい,1
親しみ,1
身,1
身ぎれい,1
辛抱,1
辛抱強い,1
人懐っこい,1
人情,1
尋常,1
水際立つ,1
粋人,1
酔える,1
瑞々しい,1
瑞瑞しい,1
崇高,1
数少ない,1
澄ん,1
澄明,1
世界,1
世話,1
世話好き,1
勢い,1
整然,1
整然と,1
正正堂堂,1
正善,1
正統,1
清々,1
清々しい,1
清い,1
清新,1
清清,1
清清しい,1
清爽,1
清廉,1
生,1
生き生き,1
盛りあがる,1
盛り上がる,1
盛栄,1
精しい,1
精細,1
精良,1
精悍,1
誠意,1
静謐,1
積み込める,1
積める,1
積極,1
絶大,1
絶品,1
先鋭,1
先駆,1
先進,1
尖鋭,1
洗い流せる,1
洗える,1
薦める,1
選べる,1
鮮鋭,1
善良,1
楚々たる,1
楚楚,1
素晴らしい,1
素早い,1
壮大,1
壮麗,1
掃ける,1
操る,1
相応,1
相応しい,1
聡明,1
蒼古,1
蒼茫,1
走り,1
増やせる,1
憎め,1
造作,1
尊い,1
尊大,1
多才,1
多士,1
多能,1
多望,1
泰山,1
泰然,1
大いなる,1
大業,1
大人,1
大人しい,1
鷹揚,1
卓越,1
卓出,1
卓絶,1
単簡,1
単品,1
探せる,1
端正,1
端麗,1
胆,1
暖か,1
暖かい,1
暖まる,1
男々しい,1
男らしい,1
男性,1
値する,1
知性,1
稚い,1
注げる,1
張り,1
調子,1
超越,1
超凡,1
長ける,1
沈毅,1
珍しい,1
追加,1
通える,1
通り,1
釣り合う,1
釣合う,1
定か,1
定評,1
程よい,1
鄭重,1
擢んでる,1
敵,1
適し,1
適する,1
適応,1
適格,1
適宜,1
典雅,1
天空海闊,1
都雅,1
都会,1
陶然,1
堂々,1
堂々たる,1
堂堂,1
得意満面,1
得難い,1
特別,1
篤い,1
篤実,1
独創,1
独特,1
馴染む,1
馴染める,1
軟かい,1
軟らか,1
軟らかい,1
賑わしい,1
入魂,1
如才,1
認める,1
熱望,1
熱烈,1
燃やせる,1
粘り強い,1
濃やか,1
濃密,1
納まる,1
能力,1
覗ける,1
派手やか,1
馬力,1
廃り,1
売れ,1
剥が,1
剥せる,1
白眉,1
抜きんでる,1
抜け目,1
盤石,1
飛び抜ける,1
備わる,1
微笑ましい,1
美々しい,1
美しい,1
美事,1
美味い,1
美味しい,1
百花繚乱,1
百戦錬磨,1
品行,1
敏い,1
敏活,1
不抜,1
不撓,1
富有,1
富裕,1
風雅,1
風流,1
風靡,1
幅利き,1
福福しい,1
腹太,1
沸か,1
物堅い,1
物知り,1
分かる,1
分相応,1
平滑,1
平均,1
平然,1
平然たる,1
平然と,1
並外れる,1
別格,1
別懇,1
別嬪,1
補える,1
慕わしい,1
崩れ,1
方正,1
芳しい,1
豊潤,1
豊満,1
望ましい,1
望む,1
防ぐ,1
防げる,1
睦まじい,1
磨ける,1
末,1
末頼もしい,1
万鈞,1
満た,1
満ち,1
満ち足りる,1
満足,1
味わい深い,1
味わえる,1
魅する,1
魅せる,1
魅惑,1
脈,1
夢,1
夢心地,1
無尽蔵,1
無疵,1
名,1
名うて,1
名だたる,1
名高い,1
名車,1
名誉,1
明けっ広げ,1
明りょう,1
明るい,1
明達,1
明哲,1
明敏,1
鳴ら,1
面白,1
面白い,1
猛勇,1
目映い,1
目指せ,1
目出度い,1
目新しい,1
目抜き,1
目立つ,1
問題,1
役だつ,1
役に立つ,1
役立つ,1
訳,1
愉しい,1
癒す,1
優れる,1
優生,1
優先,1
優等生,1
優良,1
優婉,1
勇ましい,1
勇壮,1
悠然,1
悠然と,1
悠長,1
悠悠,1
有り難い,1
有り余る,1
有難い,1
有能,1
遊べる,1
雄々しい,1
雄偉,1
雄雄しい,1
雄勁,1
雄渾,1
余裕綽綽,1
誉める,1
幼,1
妖艶,1
容易い,1
揺るぎない,1
溶かせる,1
用意,1
欲張る,1
頼もしい,1
落ち着き払っ,1
利く,1
利す,1
利口,1
理性,1
理想,1
裏切る,1
律儀,1
流せる,1
流行,1
流行る,1
流石,1
流用,1
流麗,1
溜飲,1
粒ぞろい,1
凌ぐ,1
凌駕,1
涼やか,1
良識,1
良心,1
力強い,1
力持ち,1
涙ぐましい,1
冷やせる,1
怜悧,1
玲瓏,1
麗しい,1
歴々,1
歴然たる,1
廉潔,1
廉直,1
朗らか,1
和らぐ,1
和らげる,1
話す,1
腕,1
腕きき,1
凛々しい,1
凛と,1
凛乎,1
凛然,1
凛凛,1
剴切,1
屁の河童,1
慥か,1
昵懇,1
洒々落々,1
洒落る,1
瀟洒,1
炯眼,1
煌煌,1
爛漫,1
甦生,1
薔薇色,1
讚える,1
逞しい,1
鑽仰,1
闊達,1
鞏固,1
颯爽,1
